Destino |Nombre Casa|Descripción Casa|Número de Habitaciones|Baños|Tipo de propiedad|Confort|Plan alimenticio|Nivel de servicio|Ubicación|Vista|Precio|Simple|Doble|Triple||Max-Adultos||Proveedor|Modalidad|Dirección |Municipio|Email|Fax|Teléfono|Web|Latitud|Longitud|Segmento Turístico||Hotel Amenity|Hotel Amenity|Hotel Amenity|Hotel Amenity|Hotel Amenity|Hotel Amenity|Hotel Amenity|Hotel Amenity|Hotel Amenity|Hotel Amenity|Hotel Amenity|Hotel Amenity||||Room Amenity|Room Amenity|Room Amenity|Room Amenity|Room Amenity|Room Amenity|Room Amenity|Room Amenity|Room Amenity|Room Amenity|Room Amenity
NUEVO VEDADO|Maison Habana|"Maison Habana es una casa ubicada en la zona residencial de Nuevo Vedado en La Habana. Se encuentra a poca distancia de restaurantes, cafeterías, mercados y otros sitios de interés. A solo 5 minutos del Vedado y a 10 minutos del Casco Histórico de la Ciudad. La casa es valorada no solamente por el servicio exclusivo y personalizado las 24 horas, sino también por su vasta colección de obras de arte.

Cuenta con 3 habitaciones climatizadas y con camas king-size. Una de las habitaciones tiene un baño interior y privado, las otras dos habitaciones comparten un baño intercalado. Las tres habitaciones cuentan con TV, armarios con caja fuerte, equipo de música, entre otras comodidades. La casa tiene además varios salones, comedor, baño para invitados y cocina equipada.

Maison Habana cuenta además con un servicio exclusivo gastronómico las 24 horas, donde su chef de cuisin lo invita a deleitar los más exquisitos sabores de la comida cubana e internacional.

En el amplio patio de la casa se encuentran lugares para disfrutar de la privacidad y de la tranquilidad de la misma además de contar con una piscina para refrescar en los días más calurosos."|3|2|Casa|Superior|Bajo Demanda|Superior|Ciudad|Avenida Kholy|400|||||6||Havaning|Ciudad|Calle 43 n. 1120 e/ Kholy y 36|Nuevo Vedado|booking@havaning.com|5358052076|5352678946||||Turismo de negocio, cultural||Aire acondicionado|Bar|Cafetería|Caja fuerte|Minibar|Parqueo|Recepción 24 horas|Servicio de habitaciones|Taxi|Lavandería ($)|Masaje ($)|Piscina exterior|||||Servicio de Habitaciones |Secador de Pelo |Minibar |Baño Privado |Agua Fria y Caliente |Caja de seguridad|Electricidad 110V/60Hz |Electricidad 220V/60Hz ||
NUEVO VEDADO|Casa Horacio|"La Casa Horacio se encuentra en Nuevo Vedado, un barrio residencial y muy tranquilo de la ciudad. A solo 10 minutos en auto del Vedado y a 15 minutos de la Habana Vieja.

En la casa se rentan tres habitaciones en la planta baja, distribuidas al estilo de mini apartamentos. Cada habitación tiene un pequeño salón, TV LED 32”, nevera, armario con caja de seguridad, baño independiente con ducha de agua caliente y fría, secador de pelo y camas king-size. Una de las habitaciones tiene además un jacuzzi para uso privado.

Todas las habitaciones tienen acceso independiente. Los clientes pueden hacer uso además de la planta principal de la casa, donde se encuentran el salón, el comedor, una terraza techada muy amplia con bar, TV y una mesa de billar.

La casa tiene en el exterior un ranchón con barbacoa y horno para realizar asados, y una piscina."|3|3|Casa|Standard|Bajo Demanda|Standard|Ciudad|Calle 41|240|||||6||Havaning|Ciudad|Calle 41 # 1063 e/ 32 y Kholy|Nuevo Vedado|booking@havaning.com|5358052076|5352678946||||Turismo de negocio, cultural||Aire acondicionado|Bar|Cafetería|Caja fuerte|Minibar|Parqueo|Recepción 24 horas|Servicio de habitaciones|Taxi|Equipos audiovisuales|Lavandería ($)|Masaje ($)|||||Servicio de Habitaciones |Secador de Pelo |Minibar |Baño Privado |Agua Fria y Caliente |Caja de seguridad|Electricidad 110V/60Hz |Electricidad 220V/60Hz ||
NUEVO VEDADO|Casa Gabriela|"La Casa Gabriela está en una zona llena de paz y tranquilidad, en Nuevo Vedado. A 300 metros de la calle 26, donde se encuentran la Terminal Interprovincial de Ómnibus Vía Azul, el Zoológico de 26 y el cine Acapulco. Esta zona tiene un fácil acceso hacia otros lugares de interés turístico como el Vedado, que se encuentra a solo 5 minutos en auto, o el Casco Histórico de la Ciudad, a 20 minutos.

Gabriela pone a disposición de los huéspedes la planta alta de la casa, a la que se puede acceder por una entrada independiente. Se rentan tres habitaciones con características similares.

Dos de las habitaciones tienen cama matrimonial, aire acondicionado, armario con caja de seguridad y comparten un baño con bañera. La tercera habitación tiene una cama king size, TV LED 42”, aire acondicionado tipo Split, equipo de música, zona de estudio, balcón y un baño privado con bañera tipo jacuzzi y ducha acristalada.

Hay además una cocina equipada, un pequeño gimnasio y una terraza muy amplia.

Los clientes pueden acceder también al salón y al comedor que hay en la planta baja de la casa, así como al jardín, donde pueden tomar los desayunos al aire libre."|3|2|Casa|Superior|Bajo Demanda|Standard|Ciudad|Calle 43|165|||||6||Havaning|Ciudad|Calle 41 # 1658 e/ 36 y Lindero|Nuevo Vedado|booking@havaning.com|5358052076|5352678946||||Turismo de negocio, cultural||Aire acondicionado|Bar|Cafetería|Caja fuerte|Minibar|Parqueo|Recepción 24 horas|Servicio de habitaciones|Taxi|Equipos audiovisuales|Lavandería ($)|Masaje ($)|||||Servicio de Habitaciones |Secador de Pelo |Minibar |Baño Privado |Agua Fria y Caliente |Caja de seguridad|Electricidad 110V/60Hz |Electricidad 220V/60Hz ||
NUEVO VEDADO|Avenida Kholy|"El inmueble fue la mansión de los Marqueses de Prado Ameno y en el se recrean las características principales de una vivienda aristocrática cubana del siglo XIX; muy cerca de la Plaza de la Catedral, la Plaza de Armas y a unos pasos de la calle Obispo permite a sus huéspedes un rápido acceso a los lugares de interés más importantes dentro del casco histórico.

La historia de la vivienda está estrechamente relacionada con la historia de Cuba debido a que el célebre poeta negro Juan Francisco Manzano quién fuera esclavo de los Marqueses de Prado Ameno, logrço su libertad gracias a gestiones benéficas de personalidades de la época como Domingo del Monte y José de la Luz y Caballeros.

El ambiente presente en el hotel invita al descanso y a la relajación gracias a la brisa que se puede sentir desde su patio, a la sencillez y elegancia de su decoración y a la calidez de sus muros y del personal que le atenderá. 

El hotel cuenta con 16 habitaciones entre estándar, junior suites y suites, todas perfectamente equipadas para garantizarle una grata estancia."|4|4|Casa|Superior|Bajo Demanda|Standard|Ciudad|Avenida Kholy|400|||||8||Havaning|Ciudad|Ave. Kholy # 171 e/ 39 y 41|Nuevo Vedado|booking@havaning.com|5358052076|5352678946||||Turismo de negocio, cultural||Aire acondicionado|Bar|Cafetería|Caja fuerte|Minibar|Parqueo|Recepción 24 horas|Servicio de habitaciones|Taxi|Equipos audiovisuales|Lavandería ($)|Masaje ($)|||||Servicio de Habitaciones |Secador de Pelo |Minibar |Baño Privado |Agua Fria y Caliente |Caja de seguridad|Electricidad 110V/60Hz |Electricidad 220V/60Hz ||
VEDADO|Apartamento Zoila|"El apartamento Zoila se encuentra en el emblemático edificio Focsa del Vedado, uno de los puntos más altos y con mejores vistas de la ciudad. En los alrededores puede encontrar todo tipo de restaurantes, cafeterías, centros nocturnos, teatros, así como casas de cambio de moneda (CADECA), bancos, correos y tiendas de alimentos.

El apartamento se encuentra en la 11ª planta y tiene las siguientes características:

Una habitación con cama matrimonial y baño privado.
Dos habitaciones con cama matrimonial y baño compartido.
Baños con ducha, agua caliente y presión de agua constante.
Mini-bar en cada una de las habitaciones.
Armarios empotrados.
Aire acondicionado tipo split en las habitaciones.
 Amplio salón-comedor con decoración minimalista.
TV LED 32″ en el salón.
Vistas panorámicas del mar y parte de la ciudad desde todas las habitaciones."|3|2|Apartamento|Standard|Bajo Demanda|Standard|Ciudad|al Mar|120|||||6||Havaning|Ciudad|Calle 17 n. 55 apto 11A e/ M y N edif Focsa|Vedado|booking@havaning.com|5358052076|5352678946||||Turismo de negocio, cultural||Aire acondicionado|Caja Fuerte|Minibar|Parqueo|Recepción 24 horas|Servicio de habitaciones|Taxi|Equipos audiovisuales|Lavandería ($)|Masaje ($)|Elevadores|Minimercado|||||Servicio de Habitaciones |Secador de Pelo |Minibar |Baño Privado |Agua Fria y Caliente |Caja de seguridad|Electricidad 110V/60Hz |Electricidad 220V/60Hz ||
VEDADO|Apartamento Ana Julia|"El Apartamento Ana Julia se encuentra en el piso 21 del edificio Focsa, en una zona muy céntrica del Vedado. Está cerca de tiendas, restaurantes, casas de cambio de moneda (CADECA), bancos, mercados, centros nocturnos y diversos atractivos turísticos. A 300 metros están Hotel Nacional y del Malecón Habanero.

Se trata de un apartamento con carácterísticas exepcionales. Tiene un amplio salón-comedor, terraza con vistas panorámicas y tres amplias habitaciones.

La primera habitación tiene una cama doble, aire acondicionado, ventilador, baño independiente con ducha caliente y TV.

La segunda habitación tiene una cama doble con forma redonda, aire acondicionado, ventilador, TV y ventana con vistas. El baño es compartido con la tercera habitación y posee ducha caliente.

La tercera habitación dispone de dos camas sencillas, ventilador, TV, ventana con vista al mar y la ciudad, y comparte también un refrigerador con la segunda habitación del apartamento.

El apartamento es semi-independiente, pues los inquilinos tienen total privacidad aunque siempre hay alguna persona de servicio a su disposición en una zona que no interfiere con el área donde están los huéspedes. Al personal de servicio se puede acudir en caso de que necesiten servicios gastronómico, servicio de lavandería o cualquier otra necesidad."|3|2|Apartamento|Standard|Bajo Demanda|Standard|Ciudad|Ciudad|120|||||6||Havaning|Ciudad|Calle 17 n. 55 apto 21 G e/ M y N edif Focsa|Vedado||5358052076|5352678946||||Turismo de negocio, cultural||Aire acondicionado|Caja Fuerte|Minibar|Parqueo|Recepción 24 horas|Servicio de habitaciones|Taxi|Equipos audiovisuales|Lavandería ($)|Masaje ($)|Elevadores|Minimercado|||||Servicio de Habitaciones |Secador de Pelo |Minibar |Baño Privado |Agua Fria y Caliente |Caja de seguridad|Electricidad 110V/60Hz |Electricidad 220V/60Hz ||
VEDADO|Apartamento Marilyn|"El apartamento Marilyn se encuentra en la planta 15 del emblemático edificio Focsa, en el Vedado. En los alrededores de este edificio se puede encontrar todo tipo de comercios y atracciones turísticas: Restaurantes, cafeterías, teatros, centros nocturnos, mercados, etc.

Este apartamento es independiente y tiene las siguientes características:

Dos habitaciones con cama matrimonial y un baño compartido.
Una habitación con cama matrimonial y un baño privado.
Baños con ducha, agua caliente y presión de agua constante.
Aire acondicionado en cada habitación.
TV LED 32″ en las habitaciones.
Salón-comedor amplio con decoración estilo años 50.
Cocina equipada.
Terraza acristalada.
Salón de estar en la terraza."|3|2|Apartamento|Standard|Bajo Demanda|Standard|Ciudad|Ciudad|120|||||6||Havaning|Ciudad|Calle 17 n. 55 apto 15 G e/ M y N edif Focsa|Vedado|booking@havaning.com|5358052076|5352678946||||Turismo de negocio, cultural||Aire acondicionado|Caja Fuerte|Minibar|Parqueo|Recepción 24 horas|Servicio de habitaciones|Taxi|Equipos audiovisuales|Lavandería ($)|Masaje ($)|Elevadores|Minimercado|||||Servicio de Habitaciones |Secador de Pelo |Minibar |Baño Privado |Agua Fria y Caliente |Caja de seguridad|Electricidad 110V/60Hz |Electricidad 220V/60Hz ||
VEDADO|Apartamento Tonny|"El Apartamento Tonny se encuentra en la planta 17 del emblemático edificio FOCSA en el Vedado. En una zona muy comercial llena de todo tipo de entretenimientos: restaurantes, bares, centros nocturnos, hoteles, mercados y tiendas.

El apartamento se renta totalmente independiente. Cuenta con salón, comedor, cocina equipada, patio de lavado, dos habitaciones climatizadas y un baño. Tiene unas vistas impresionantes de gran parte de la ciudad y del mar."|3|2|Apartamento|Standard|Bajo Demanda|Standard|Ciudad|Ciudad|120|||||6||Havaning|Ciudad|Calle 17 n. 55 apto 15 G e/ M y N edif Focsa|Vedado|booking@havaning.com|5358052076|5352678946||||Turismo de negocio, cultural||Aire acondicionado|Caja Fuerte|Minibar|Parqueo|Recepción 24 horas|Servicio de habitaciones|Taxi|Equipos audiovisuales|Lavandería ($)|Masaje ($)|Elevadores|Minimercado|||||Servicio de Habitaciones |Secador de Pelo |Minibar |Baño Privado |Agua Fria y Caliente |Caja de seguridad|Electricidad 110V/60Hz |Electricidad 220V/60Hz ||
VEDADO|Apartamento Yania|"El apartamento Yania se encuentra a solo 300 metros del malecón habanero, muy cerca de los principales centros y lugares de interés de La Habana. Rodeado de nuevas paladares y cafeterías, así como tiendas, mercados, centros nocturnos, etc.

Se trata de un apartamento privado y completamente amueblado. Ubicado en la zona residencial del Vedado. El apartamento cuenta con una excelente decoración e iluminación. Se rentan dos habitaciones climatizadas. Una de las habitaciones tiene una cama matrimonial y la otra tiene dos camas individuales. Ambas poseen armario. Hay un baño compartido, sala-comedor, cocina y terraza con vistas a la calle."|2|1|Apartamento|Standard|Bajo Demanda|Standard|Ciudad|Calle Linea|80|||||4||Havaning|Ciudad|Calle Línea # 1063 esquina 14 Apto 6|Vedado|booking@havaning.com|5358052076|5352678946||||Turismo de negocio, cultural||Aire acondicionado|Caja Fuerte|Minibar|Recepción 24 horas|Taxi|Equipos audiovisuales|Lavandería ($)|Masaje ($)|Elevadores|Masaje ($)|Staff multilingue||||Servicio de Habitaciones |Secador de Pelo |Minibar |Agua Fria y Caliente |Caja de seguridad|Electricidad 110V/60Hz |Electricidad 220V/60Hz |||||
VEDADO|Apartamento Erick|"Apartamento ubicado en la calle Línea, en el Vedado. A solo 300 metros del malecón habanero. Cercano a todo tipo de lugares de interés: restaurantes, cafeterías, centros nocturnos, teatros, etc. Está a 10 minutos en auto del Centro Histórico de la Ciudad.

Se trata de un apartamento totalmente privado. Tiene cocina equipada, salón, cuarto de lavado, habitación climatizada, cama matrimonial, armario y un baño interior. Posee además una terraza con vistas al mar y parte de la ciudad. El apartamento se encuentra en un 6to piso."|1|1|Apartamento|Standard|Bajo Demanda|Standard|Ciudad|Calle Linea|50|||||2||Havaning|Ciudad|Calle Línea n. 1063 esquina 14 Apto 22|Vedado|booking@havaning.com|5358052076|5352678946||||Turismo de negocio, cultural||Aire acondicionado|Caja Fuerte|Minibar|Recepción 24 horas|Taxi|Equipos audiovisuales|Lavandería ($)|Masaje ($)|Elevadores|Masaje ($)|Staff multilingue||||Servicio de Habitaciones |Secador de Pelo |Minibar |Baño Privado |Agua Fria y Caliente |Caja de seguridad|Electricidad 110V/60Hz |Electricidad 220V/60Hz ||||
VEDADO|Apartamento Gertrudis|"El Apartamento Gertrudis se encuentra en la calle Línea, en el Vedado. A pocos metros de la céntrica Avenida de los Presidentes (Calle G) y del malecón habanero. En sus alrededores se pueden encontrar variados sitios de interés para los visitantes como restaurantes, cafeterías, clubes nocturnos con presentaciones en directo, tiendas, merados, etc.

El Apartamento Gertrudis se encuentra en un 18vo piso, por lo que la vista desde todas las estancias es espectacular. Se pueden apreciar tanto el mar como gran parte de la ciudad.

Tiene tres amplias habitaciones, todas muy luminosas y con aire acondicionado. Una de las habitaciones tiene el baño interior y privado, las otras dos comparten un baño. Todas las habitaciones tienen camas Queen-Size y una de ellas tiene además una cama personal.

El apartamento cuenta con una amplísima terraza con varias zonas de estar y toldos para variar la intensidad de la luz natural. Tiene un salón-comedor muy acogedor, TV LED 42”, mini-bar, y una cocina totalmente equipada."|3|3|Apartamento|Standard|Bajo Demanda|Standard|Ciudad|Calle E|200|||||6||Havaning|Ciudad|Calle E No 158 entre calzada y 9na, Piso 18, ala A|Vedado|booking@havaning.com|5358052076|5352678946||||Turismo de negocio, cultural||Aire acondicionado|Caja Fuerte|Minibar|Recepción 24 horas|Taxi|Equipos audiovisuales|Lavandería ($)|Masaje ($)|Masaje ($)|Staff multilingue|||||Servicio de Habitaciones |Secador de Pelo |Minibar |Baño Privado |Agua Fria y Caliente |Caja de seguridad|Electricidad 110V/60Hz |Electricidad 220V/60Hz ||||
VEDADO|Atico Odette|"El Ático Odette se encuentra en el corazón del Vedado, en la calle Calzada.  Justo en frente está el Malecón Habanero y en sus alrededores hay gran variedad de bares, restaurantes, centros nocturos, entre otros atractivos. 

Se trata de un ático duplex de tres amplias habitaciones con camas king-size, dos baños completos con ducha y otro medio baño. Tiene salón, terrazas, piscina privada con vistas panorámicas, bar, neveras, cocina nueva totalmente equipada y todo tipo de comodidades."|3|3|Atico|Superior|Bajo Demanda|Superior|Ciudad|al Mar|300|||||6||Havaning|Ciudad|Calle Calzada # 51 Esq 13 piso 15|Vedado|booking@havaning.com|5358052076|5352678946||||Turismo de negocio, cultural||Aire acondicionado|Caja Fuerte|Minibar|Recepción 24 horas|Taxi|Equipos audiovisuales|Lavandería ($)|Masaje ($)|Masaje ($)|||||||Servicio de Habitaciones |Secador de Pelo |Minibar |Baño Privado |Agua Fria y Caliente |Caja de seguridad|Electricidad 110V/60Hz |Electricidad 220V/60Hz |||
VEDADO|Minihotel RC|"El MiniHotel RC se encuentra en la calle E del Vedado, a poca distancia tanto de la céntrica calle 23 como de la calle Línea. Rodeado de todo tipo de comercios y lugares para el ocio como cines, teatros, museos, restaurantes, cafeterías, etc.

Se compone de cuatro amplias habitaciones, sala de estar, comedor, cocina y jardín exterior.

Cada una de las habitaciones tiene las siguientes características:

Tres camas individuales.
Baño independiente con ducha, agua caliente y la presión de agua constante.
Armario con caja de seguridad.
Aire acondicionado tipo Split.
Mini bar.
LED TV 32″ + paquete de entretenimiento audiovisual."|4|4|Casa|Standard|Bajo Demanda|Standard|Ciudad|Calle E||50|70|90||12||Havaning|Ciudad|Calle E # 307 e/ 13 y 15|Vedado|booking@havaning.com|5358052076|5352678946||||Estudiantil, Cultural||Aire acondicionado|Minibar|Recepción 24 horas|Taxi|Equipos audiovisuales|Lavandería ($)|Masaje ($)|Masaje ($)|Minibar|||||||Servicio de Habitaciones |Secador de Pelo |Minibar |Baño Privado |Agua Fria y Caliente |Caja de seguridad|Electricidad 110V/60Hz |Electricidad 220V/60Hz |||
VEDADO|Atico Arte-D|"El ático Arte-D se encuentra en la calle 17 en el céntrico barrio del Vedado y muy cercano a todo tipo de atractivos para los visitantes: restaurantes, cafeterías, bares, centros nocturnos, tiendas, mercados, etc. A solo 5 minutos en auto del Centro Histórico de la Ciudad.

El ático cuenta con tres habitaciones climatizadas y  con vistas a la ciudad:

Junior Room: Habitación de 16 m2 con cama de 160 x 190 cm, grandes ventanales con vistas a la ciudad y al mar. Baño privado con ducha de agua fría y caliente las 24 horas, secador de pelo y kit de cortesía. Mini-bar y caja fuerte.

Junior Plus Room: Habitación de 16 m2 con camas dobles de 100 x 190 cm cada una. Ventanales con vistas al mar y a la ciudad. Amplio baño privado con ducha de agua fría y caliente las 24 horas, secador de pelo y kit de cortesía. Dispone de mini-bar, caja fuerte y una terraza de 12 m2.

Suite Room: Habitación de 36 m2 con cama de 200 x 200 cm. Amplios ventanales con vistas al mar y a la ciudad. Dispone de baño con bañera y con ducha de agua fría y caliente las 24 horas, secador de pelo y kit de cortesía. Mini-bar, caja fuerte y tres terrazas privadas, una de ellas acristalada y climatizada.

Puede rentarse el ático completo o las habitaciones individualmente. La propiedad cuenta con una amplia terraza de uso común  con desayunador, solarium con tumbonas, palmeras y una pequeña piscina para refrescarse en los días más calurosos."|3|3|Atico|Superior|Bajo Demanda|Superior|Ciudad|Ciudad|300|||||6||Havaning|Ciudad|Calle 17 # 260 e/ I y J Penthouse, entrada por I|Vedado|booking@havaning.com|5358052076|5352678946||||Turismo de negocio, cultural||Aire acondicionado|Caja Fuerte|Minibar|Recepción 24 horas|Taxi|Equipos audiovisuales|Lavandería ($)|Masaje ($)||||||||Servicio de Habitaciones |Secador de Pelo |Minibar |Baño Privado |Agua Fria y Caliente |Caja de seguridad|Electricidad 110V/60Hz |Electricidad 220V/60Hz |||
PLAYA|Hacienda Cañaveral|"Hacienda de estilo español con grandes arcos y puertas, la Hacienda Cañaveral fue construida en 1949, con reparaciones mayores en 2014 que conserva su espléndida arquitectura de las grandes salas de estar y dormitorios amplios con una decoración sofisticada, mezcla de buen gusto de los artefactos más disímiles de la época dorada de Cuba con muebles europeos y de estilo moderno.

Esto hace a la Hacienda Cañaveral uno de los lugares más bellos de La Habana, ideal para su estancia en Cuba.

Ubicada en el municipio Playa a 5 minutos del centro de Vedado y 10min de la legendaria Habana Vieja.

Con tres hermosas habitaciones, todas con baño privado, la Hacienda Cañaveral es ideal para familias o grupos de amigos. Debido a esta condición la casa se alquila en su conjunto e incluye el servicio de ama de llaves las 24 horas del día.

Junior Room: Habitación de 16 m2 con cama de 160 x 190 cm. Baño con ducha de agua fría y caliente las 24 horas, secador de pelo y kit de cortesía. Mini-bar y caja fuerte.

Junior Plus Room: Habitación de 16 m2 con cama doble de 100 x 200 cm cada una. Baño amplio con ducha de agua fría y caliente las 24 horas, secador de pelo y kit de cortesía. Mini-bar y caja fuerte.

Suite Room: Habitación de 36 m2 con cama de 200 x 200 cm. Baño amplio con bañera y con ducha de agua fría y caliente las 24 horas. Zona de estar, mini-bar, caja fuerte y salida a terraza y jardín."|3|3|Casa|Superior|Bajo Demanda|Superior|Ciudad|Calle 44|350|||||6||Havaning|Ciudad|Calle 39 A # 4402 e/ 44 y 46|Playa|booking@havaning.com|5358052076|5352678946||||Turismo de negocio, cultural||Aire acondicionado|Caja Fuerte|Minibar|Recepción 24 horas|Taxi|Equipos audiovisuales|Lavandería ($)|Masaje ($)||||||||Servicio de Habitaciones |Secador de Pelo |Minibar |Baño Privado |Agua Fria y Caliente |Caja de seguridad|Electricidad 110V/60Hz |Electricidad 220V/60Hz |||
PLAYA|Apartamento Flora|"El apartamento Flora se encuentra en Miramar, uno de los mejores barrios de la capital. A escasos 200 metros del mar y de la desembocadura del Rio Almendares. En sus alrededores puede encontrar todo tipo de comercios y restaurantes.

El apartamento dispone de tres habitaciones climatizadas con baños en suite, armarios espaciosos y camas king size. Tiene además sala de televisión, salón de estar, comedor, terraza amplia y cocina equipada. Todas las estancias tienen ventanas exteriores que aportan luz y fresco."|3|3|Apartamento|Standard|Bajo Demanda|Standard|Ciudad|Calle 3ra|150|||||6||Havaning|Ciudad|Calle 3ra # 57 e/ Cero y A|Playa|booking@havaning.com|5358052076|5352678946||||Turismo de negocio, cultural||Aire acondicionado|Caja Fuerte|Minibar|Recepción 24 horas|Taxi|Equipos audiovisuales|Lavandería ($)|Masaje ($)|Parqueo|||||||Servicio de Habitaciones |Secador de Pelo |Minibar |Baño Privado |Agua Fria y Caliente |Caja de seguridad|Electricidad 110V/60Hz |Electricidad 220V/60Hz |||
PLAYA|Casa Pablo|"La Casa Pablo se encuentra en la calle 3ra en Miramar a solo 150 metros de la costa. En sus alrededores podrá encontrar restaurantes, cafeterías, clubes nocturnos, bancos y otros sitios de interés.

Esta propiedad está distribuida en dos plantas. En la planta superior hay tres habitaciones, cada una con baño privado. Hay además un amplio salón, cocina y una gran terraza. En la planta inferior hay cuatro habitaciones, dos de ellas comparten baño y las otras tienen el baño interior. Todas las habitaciones son muy amplias y tienen TV, aire acondicionado y demás comodidades. En ésta planta hay varios salones, comedor, bar, terraza, jardín y una piscina.

Se puede rentar de forma independiente la planta superior de la inferior, ya que cada una tiene entrada individual."|7|6|Casa|Standard|Bajo Demanda|Standard|Ciudad|Calle 3ra|750|||||14||Havaning|Ciudad|Calle 3ra # 205 e/ 2 y 4|Playa|booking@havaning.com|5358052076|5352678946||||Turismo de negocio, cultural||Aire acondicionado|Caja Fuerte|Minibar|Recepción 24 horas|Taxi|Equipos audiovisuales|Lavandería ($)|Masaje ($)|Parqueo|||||||Servicio de Habitaciones |Secador de Pelo |Minibar |Baño Privado |Agua Fria y Caliente |Caja de seguridad|Electricidad 110V/60Hz |Electricidad 220V/60Hz |||
PLAYA|Casa Ivette|"La Casa Ivette se encuentra a 100 metros de la 5ta Avenida, en Miramar. Está en una zona muy tranquila y segura de la ciudad, pero a su vez cercana a variados sitios de interés: La Marina Heminway, el Club Habana, Centro Comercial Palco, restaurantes como La Vicaria, La Ferminia, El Palenque, La Cecilia, etc. La casa está a 15 minutos del centro del Vedado.

Se encuentra en un 1er piso.  Tiene un recibidor, un salón-comedor muy acogedor y climatizado, cocina equipada, terraza y acceso al jardín. Cuenta con 2 habitaciones también climatizadas y con camas king-size, baños privados con ducha de agua fría y caliente en cada habitación, armarios y demás comodidades."|2|2|Casa|Standard|Bajo Demanda|Standard|Ciudad|Calle 17B|120|||||4||Havaning|Ciudad|Calle 17 B # 16413 altos e/ 164 y 174|Playa|booking@havaning.com|5358052076|5352678946||||Turismo de negocio, cultural||Aire acondicionado|Caja Fuerte|Minibar|Recepción 24 horas|Taxi|Equipos audiovisuales|Lavandería ($)|Masaje ($)|Parqueo|||||||Servicio de Habitaciones |Secador de Pelo |Minibar |Baño Privado |Agua Fria y Caliente |Caja de seguridad|Electricidad 110V/60Hz |Electricidad 220V/60Hz |||
PLAYA|Villa Flora|"Villa Flora es una hermosa residencia de lujo de los años 50 ubicada en una zona exclusiva de Miramar. Está muy cerca de la 5ta Avenida y a pocos minutos de lugares de interés como la Casa de la Música, La Fábrica de Arte, restaurantes, cafeterías, bares y clubes nocturnos, lo que hace del lugar un excelente punto de partida para la diversión.

Villa Flora es una casa de 350 m2 distribuidos en 5 habitaciones:

Una suite principal con cama king size, aire acondicionado tipo split, armario, baño privado y salida directa al jardín.

Las otras habitaciones tienen similares características: camas matrimoniales, aire acondicionado tipo split, armarios y ventanales hacia el jardín. Estas habitaciones tienen baños intercalados.

La Villa cuenta además con dos salas de estar, dos comedores, cocina amplia, piscina privada, jardín con árboles frutales y cancha de frontón.

Tiene un garaje amplio y el desayuno está incluido en el precio. Se renta la casa completa."|5|3|Casa|Superior|Bajo Demanda|Superior|Ciudad|Calle 11|600|||||10||Havaning|Ciudad|Calle 11 # 605 e/ 6 y 41 M|Playa|booking@havaning.com|5358052076|5352678946||||Turismo de negocio, cultural||Aire acondicionado|Caja Fuerte|Minibar|Recepción 24 horas|Taxi|Equipos audiovisuales|Lavandería ($)|Masaje ($)|Parqueo|Piscina||||||Servicio de Habitaciones |Secador de Pelo |Minibar |Baño Privado |Agua Fria y Caliente |Caja de seguridad|Electricidad 110V/60Hz |Electricidad 220V/60Hz |||
PLAYA|Casa Ernesto|"Excelente Casa muy espaciosa ubicada en Miramar, a solo 20 metros de la 5ta avenida y muy cerca de los mejores centros de atracción de la zona. Muy cerca de esta casa podrá encontrar el Club Habana, La Marina Hemingway, así como excelentes restaurantes y centros nocturnos.

La casa cuenta con 5 espaciosas habitaciones, amplios salones, salas de estar, jardines y una excelente piscina en el centro de la propiedad. Todas las habitaciones cuentan con aire acondicionado, TV LED 32¨, caja de seguridad y camas king size.

Además la propiedad tiene áreas de estacionamiento,  una amplia sala de estar con equipos de reproducción y mini bar, con visuales hacia las terrazas, el jardín y la piscina."|5|5|Casa|Extra Superior|Bajo Demanda|Extra Superior|Ciudad|Calle 5ta Avenida|800|||||10||Havaning|Ciudad|Calle 162 # 307 e/ 3ra y 5ta|Playa|booking@havaning.com|5358052076|5352678946||||Turismo de negocio||Aire acondicionado|Caja Fuerte|Minibar|Recepción 24 horas|Taxi|Equipos audiovisuales|Lavandería ($)|Masaje ($)|Parqueo|Conserjería|Catering para eventos|Piscina||||Servicio de Habitaciones |Secador de Pelo |Minibar |Baño Privado |Agua Fria y Caliente |Caja de seguridad|Electricidad 110V/60Hz |Electricidad 220V/60Hz |Baño Privado|Jacuzzi|
PLAYA|Casa Roly|"La Casa Roly se encuentra en el Reparto Flores, en Miramar. Es una zona muy tranquila de la ciudad, que a su vez está muy cerca de lugares de interés como El Club Habana, la Marina Hemingway, famosos restaurantes como El Palenque, La Vicaria, La Ferminia. A 10 minutos de la Giraldilla y a solo 50 metros del mar.

La Casa Roly cuenta con dos amplias habitaciones, cada una con su baño privado. Tiene un salón-comedor, cocina equipada, bonito jardín en la entrada, patio con piscina desmontable y zonas para el descanso."|2|2|Casa|Standard|Bajo Demanda|Standard|Ciudad|Calle 180|180|||||4||Havaning|Ciudad|Calle 180 n. 107 e/ 1ra y 5ta|Playa|booking@havaning.com|5358052076|5352678946||||Turismo de negocio, cultural||Aire acondicionado|Caja Fuerte|Minibar|Recepción 24 horas|Taxi|Equipos audiovisuales|Lavandería ($)|Masaje ($)|Parqueo|||||||Servicio de Habitaciones |Secador de Pelo |Minibar |Baño Privado |Agua Fria y Caliente |Caja de seguridad|Electricidad 110V/60Hz |Electricidad 220V/60Hz |||
SIBONEY|Casa Maria|"Esta casa está enclavada en una tranquila zona de la ciudad, en Siboney. A poca distancia del Palacio de las Convenciones, del recinto ferial PABEXPO, de la Marina Heminway, el Club Habana y de varios sitios de interés como restaurantes y centros nocturnos de reciente apertura.

La Casa Maria  tiene un total de 4 habitaciones. Dos de ellas tienen baño privado y las otras dos comparten un baño intercalado. Todas las habitaciones son climatizadas, tienen armarios y todo el confort que necesita durante su estancia. Las camas son King-size y matrimoniales.

La casa cuenta con un hermoso jardín con posibilidad de realizar barbacoas, así como una amplia piscina para el disfrute de los clientes."|4|3|Casa|Superior|Bajo Demanda|Superior|Ciudad|Ave. 17|400|||||8||Havaning|Ciudad|Calle 17 # 20606 e/ 206 y 214|Playa|booking@havaning.com|5358052076|5352678946||||Familia, Turismo de Negocios||Aire acondicionado|Caja Fuerte|Minibar|Recepción 24 horas|Taxi|Equipos audiovisuales|Lavandería ($)|Masaje ($)|Parqueo|||||||Servicio de Habitaciones |Secador de Pelo |Minibar |Baño Privado |Agua Fria y Caliente |Caja de seguridad|Electricidad 110V/60Hz |Electricidad 220V/60Hz |||
SIBONEY|Casa Aleyda|"Esta casa está enclavada en una tranquila zona de la ciudad, en Siboney. A poca distancia del Palacio de las Convenciones, del recinto ferial PABEXPO, de la Marina Heminway, el Club Habana y de varios sitios de interés como restaurantes y centros nocturnos de reciente apertura.

La Casa Aleyda  tiene un total de 4 habitaciones. Dos de ellas tienen baño privado y las otras dos comparten un baño intercalado. Todas las habitaciones son climatizadas, tienen armarios, cajas fuerte y todo el confort que necesita durante su estancia. Las camas son King-size y matrimoniales.

La casa cuenta con un hermoso jardín con posibilidad de realizar barbacoas, así como una amplia piscina para el disfrute de los clientes."|4|3|Casa|Superior|Bajo Demanda|Superior|Ciudad|Ave. 17|400|||||8||Havaning|Ciudad|Calle 17 # 20606 e/ 206 y 214|Playa|booking@havaning.com|5358052076|5352678946||||Familia, Turismo de Negocios||Aire acondicionado|Caja Fuerte|Minibar|Recepción 24 horas|Taxi|Equipos audiovisuales|Lavandería ($)|Masaje ($)|Parqueo|Piscina||||||Servicio de Habitaciones |Secador de Pelo |Minibar |Baño Privado |Agua Fria y Caliente |Caja de seguridad|Electricidad 110V/60Hz |Electricidad 220V/60Hz |||
SIBONEY|Casa Yanelys|"La Casa Yanelys se encuentra en el Reparto Residencial Siboney, a solo 15 minutos en auto del centro de la ciudad. Ésta es una zona muy tranquila de La Habana, y a su vez muy bien comunicada y con todo tipo de comercios cerca, tales como mercados, bares, clubes nocturnos y famosos restaurantes como La Vicaria, El Palenque, La Ferminia, etc.

Esta moderna casa está distribuida en dos plantas y tiene tres habitaciones. En la planta superior tiene la suite, con baño muy amplio y jacuzzi, cama king size y una gran terraza. En la planta inferior hay dos habitaciones también muy espaciosas, cada una con su baño privado y demás comodidades.

Los huéspedes pueden hacer uso del amplio salón-comedor, cocina con bar, patio exterior, ranchón para parrilladas y el jardín con hamaca."|3|3|Casa|Superior|Bajo Demanda|Superior|Ciudad|Calle 202|300|||||6||Havaning|Ciudad|Calle 202 n. 1504 e/ 15 y 17|Playa|booking@havaning.com|5358052076|5352678946||||Familia, Turismo de Negocios||Aire acondicionado|Caja Fuerte|Minibar|Recepción 24 horas|Taxi|Equipos audiovisuales|Lavandería ($)|Masaje ($)|Parqueo|Piscina||||||Servicio de Habitaciones |Secador de Pelo |Minibar |Baño Privado |Agua Fria y Caliente |Caja de seguridad|Electricidad 110V/60Hz |Electricidad 220V/60Hz |||
SIBONEY|Casa Juliette|"Esta casa se encuentra en una zona tranquila de la ciudad, en Siboney. A poca distancia del Palacio de Convenciones, el recinto ferial PABEXPO, Marina Hemingway, El Club Habana y varios lugares de interés, como restaurantes y discotecas de reciente apertura.

La Casa Juliette dispone de un total de 4 habitaciones. La habitación principal tiene un cuarto de baño privado y las otras tres comparten un baño. Todas las habitaciones disponen de aire acondicionado, armarios y todo el confort que necesita durante su estancia. Las camas son king-size y matrimoniales.

La casa tiene un hermoso jardín con posibilidad de barbacoa y una gran piscina para el disfrute de los clientes."|4|2|casa|Superior|Bajo Demanda|Superior|Ciudad|Calle 204|350|||||8||Havaning|Ciudad|Calle 204 n. 1306 e/ 13 y 15|Playa|booking@havaning.com|5358052076|5352678946||||Familia, Turismo de Negocios||Aire acondicionado|Caja Fuerte|Minibar|Recepción 24 horas|Taxi|Equipos audiovisuales|Lavandería ($)|Masaje ($)|Parqueo|Piscina||||||Servicio de Habitaciones |Secador de Pelo |Minibar |Baño Privado |Agua Fria y Caliente |Caja de seguridad|Electricidad 110V/60Hz |Electricidad 220V/60Hz |||
SIBONEY|Villa Mariposa|"Villa Mariposa se encuentra en una zona tranquila y muy segura de la ciudad, en Siboney. A poca distancia están el Palacio de Convenciones, el recinto ferial PABEXPO, la Marina Hemingway, el Club Habana y varios lugares de interés, como restaurantes, cafeterías, clubes nocturnos, etc. Además está a poca distancia en auto del centro del Vedado y de la Habana Vieja.

La Villa Mariposa dispone de 2 habitaciones climatizadas y con las siguientes características:

– Aire acondicionado.

– Armario.

– TV LED 32″.

– Cama matrimonial.

– Ventanales con vistas al jardín.

– Un baño intercalado con ducha, agua fría y caliente y presión de agua constante.

Villa Mariposa cuenta además con un amplio salón – comedor, una sala de televisón, un estudio, cocina equipada, un amplio jardín con desayunador, árboles frutales  y zonas para realizar asados y parrilladas.

En esta casa gozará de la máxima tranquilidad. Se brinda privacidad y seguridad a los huéspedes para que se sientan como en casa."|2|1|Casa|Superior|Bajo Demanda|Superior|Ciudad|Calle 13|200|||||4||Havaning|Ciudad|Calle 13 # 20206 Esq 204|Playa|booking@havaning.com|5358052076|5352678946||||Familia, Turismo de Negocios||Aire acondicionado|Caja Fuerte|Minibar|Recepción 24 horas|Taxi|Equipos audiovisuales|Lavandería ($)|Masaje ($)|Parqueo|||||||Servicio de Habitaciones |Secador de Pelo |Minibar |Baño Privado |Agua Fria y Caliente |Caja de seguridad|Electricidad 110V/60Hz |Electricidad 220V/60Hz |||
SIBONEY|Casa Carmen|"La Casa Carmen se encuentra en el Reparto Residencial Siboney en el municipio Playa. Esta zona se caracteriza por un ambiente muy tranquilo y acogedor, con grandes casas construidas en los años 50. Cercano a la Marina Heminway, el Club Habana, el Club Náutico, el Recinto Ferial Pabexpo y prestigiosos restaurantes como La Vicaria, La Ferminia, El Palenque, entre otros.

Esta casa cuenta con todos los detalles necesarios para una estancia placentera. Dispone de cinco habitaciones con las siguientes características:

Aire acondicionado tipo split.
Baño privado con ducha, agua caliente y presión de agua constante.
Armarios empotrados.
Caja de seguiridad.
La Casa Carmen tiene además:

Sala de televisión con TV LED 42″ y DVD.
Comedor.
Climatización en toda la casa.
Piscina con hamacas.
Baño exterior junto a la piscina.
Ranchón criollo al aire libre con bar y TV LED 32″.
Zonas exteriores para el descanso.
Jardín."|5|4|Casa|Superior|Bajo Demanda|Superior|Ciudad|Calle 19|500|||||10||Havaning|Ciudad|Calle 19 B n. 21421 e/ 214 y 21|Playa|booking@havaning.com|5358052076|5352678946||||Familia, Turismo de Negocios||Aire acondicionado|Caja Fuerte|Minibar|Recepción 24 horas|Taxi|Equipos audiovisuales|Lavandería ($)|Masaje ($)|Parqueo|||||||Servicio de Habitaciones |Secador de Pelo |Minibar |Baño Privado |Agua Fria y Caliente |Caja de seguridad|Electricidad 110V/60Hz |Electricidad 220V/60Hz |||
JAIMANITAS|Vista Marina|"La casa Vista Marina se encuentra en Santa Fé, en el municipio Playa, una zona tranquila al oeste de la Ciudad de La Habana y a solo 20 minutos del centro de la ciudad. Posee una  vista al mar maravillosa.

La casa tiene tres habitaciones  climatizadas y con baños privados. Cada habitación tiene caja de seguridad y dos de ellas tienen una terraza por la cual se baja al jardín. La casa tiene salón y cocina equipada para los clientes que deseen utilizarla. Cuenta con amplios jardines, piscina a la orilla del mar con hamacas, comedor y bar al aire libre, jardín y parqueo para dos autos.

La casa se encuentra a pocos metros de la Marina Hemingway, excelente centro turístico ubicado al oeste de la capital, donde podrá encontrar hoteles, tiendas, centro náutico, discotecas, etc."|3|3|Casa|Superior|Bajo Demanda|Superior|Ciudad|Calle 242|300|||||6||Havaning|Ciudad|Calle 242 # 306 e/ 3ra A y 3ra B, Jaimanitas|Playa|booking@havaning.com|5358052076|5352678946||||Familia, Turismo de Negocios||Aire acondicionado|Caja Fuerte|Minibar|Recepción 24 horas|Taxi|Equipos audiovisuales|Lavandería ($)|Masaje ($)|Parqueo|||||||Servicio de Habitaciones |Secador de Pelo |Minibar |Baño Privado |Agua Fria y Caliente |Caja de seguridad|Electricidad 110V/60Hz |Electricidad 220V/60Hz |||
Santa Fe|Casa Katerine|"La casa Katerine se encuentra en la 5ta Avenida, en Santa Fe. Se trata de una zona muy tranquila y residencial al oeste de la Ciudad de La Habana. A pocos minutos en auto del Club Habana, La Marina Heminway, La Cecilia y prestigiosos restaurantes de la zona. Además se encuentra a solo 25 minutos en auto del Centro Histórico de la Ciudad.

La casa Katerine renta 4 habitaciones distribuidas de la siguiente manera:

En la planta superior se encuentran dos mini apartamentos que poseen: habitación con cama matrimonial y TV, pequeña cocina equipada, comedor, baño privado y una terraza compartida con vistas al Canal de la Marina Heminway, en el cual los huéspedes pueden bañarse y realizar actividades acuáticas.

En la planta inferior hay dos habitaciones grandes estilo suites. Cada una con su baño privado y TV. También comparten una terraza con vistas al canal. En esta planta hay además un jacuzzi, del cual se puede hacer uso abonando un importe adicional de 50 CUC/día."|4|4|Casa|Superior|Bajo Demanda|Superior|Ciudad|5ta. Avenida|300|||||8||Havaning|Ciudad|5ta Ave. #26804 e/ 268 y 274|Playa|booking@havaning.com|5358052076|5352678946||||Familia, Turismo de Negocios||Aire acondicionado|Caja Fuerte|Minibar|Recepción 24 horas|Taxi|Equipos audiovisuales|Lavandería ($)|Masaje ($)|Parqueo|||||||Servicio de Habitaciones |Secador de Pelo |Minibar |Baño Privado |Agua Fria y Caliente |Caja de seguridad|Electricidad 110V/60Hz |Electricidad 220V/60Hz |||
PLAYA|Habana 33|"La casa Habana 33 se encuentra en Miramar, a pocos metros de la Casa de la Música, de restaurantes, cafeterías, clubes nocturnos, tiendas, mercados, etc. A solo 5 minutos del centro del Vedado y a 10 minutos en auto de La Habana Vieja.

Tiene 3 habitaciones:

Una suite principal con cama king size, vestidor climatizado, aire acondicionado tipo split, baño amplio con bañera de hidromasaje, salida directa al jardín, TV LED 32″ y DVD.

La segunda habitación tiene una cama king size, aire acondicionado tipo split, armario, baño privado con ducha, TV LED 32″ y DVD.

La tercera habitación tiene una cama matrimonial, aire acondicionado tipo split, armario, baño privado con ducha, TV LED 32″ y DVD.

La casa cuenta con salón-comedor muy acogedor y climatizado, cocina equipada y jardín con jacuzzi."|3|3|Casa|Standard|Bajo Demanda|Standard|Ciudad|Avenida 33|220|||||6||Havaning|Ciudad|Ave. 33 # 1807 e/ 18 y 20|Playa|booking@havaning.com|5358052076|5352678946||||Familia, Turismo de Negocios||Aire acondicionado|Caja Fuerte|Minibar|Recepción 24 horas|Taxi|Equipos audiovisuales|Lavandería ($)|Masaje ($)|Parqueo|||||||Servicio de Habitaciones |Secador de Pelo |Minibar |Baño Privado |Agua Fria y Caliente |Caja de seguridad|Electricidad 110V/60Hz |Electricidad 220V/60Hz |||
||||||||||||139|108|103||3|||||||||||||||||||||||||||||||||||||||
||||||||||||125|94|89||3|||||||||||||||||||||||||||||||||||||||
||||||||||||110|79|75||3|||||||||||||||||||||||||||||||||||||||
